"goal_list_1","goal_list_2","goal_list_3","goal_list_4","goal_list_5","MTurkCode"
"My goal is to lose weight over the next three months. I feel that by adding an extra fifteen minutes of exercise everyday I will hopefully accomplish this. ","","","","",30600
"I want to have my YouTube Channel hit 100 subscribers.","I want to drop my weight down from 165 to 155.","I want to have at $1000 in my brokerage account.","","",81705
"My goal is to earn at least $30 per week on Mturk.","My goal is to have a net worth of $600K by 3/23/2022.","","","",63885
"I would like to lose 20 lbs","I would like to get a better job","I would like to completely clean my house","","",26913
"My goal is to train my new puppy to become a very well-trained dog over the next three months.","My goal is to enjoy myself by going fishing as often as possible.","My goal is to save $500 a month.","My goal is to either do cardio or lift weights every day.","",42161
"getting my small business off the ground in the next 6 months","advocating for my eye surgery to be covered from my insurance company","","","",84412
"My goal is to run a sub 25min 5k within 3 months.","My goal is to lose 5 lbs in the next 2 months.","My goal is to take time to appreciate small things every day.","My goal is to keep my apartment clean on a weekly basis.","",92415
"My goalis to get blood pressure down to normal range in the following month","My goal is to starting tackling credit card debt","My goalis to make new friends","","",51306
"I want to cultivate a garden and produce my own food through this Summer.","I want to start my own business and make money working for myself.","I want to begin working out again, mainly on my abs.","","",25224
"My goal is to become fluent in Spanish in the next year.","My goal is to be intimate with my partner three times per week.","My goal is to exercise five times per week.","","",12425
"Lose thirty pounds three months","Go back to college this summer to work on degree in three months","","","",42560
"I want to find a job that is meaningful to me in the next year.","I would like to lose 5 pounds of weight in the next 3 months.","I want to be highly active three times a week-- such as going on a hike, or spending 45 minutes on the ellipitcal.","","",67994
"To earn enough from m side hustle and business for savings","To be healthier and exercise in a regular basis","To secure a good paying job and be able to help my husband meet out financial goal.","","",73451
"My goal is to move my diet towards a more healthy and notorious diet in the next few months. I eat too much junk food and need to begin by phasing that out and switching to more nutritious meals.","Another goal of mine is to start working out more. I'll start by going out on walks and hopefully within a few months have a full weekly workout routine so that I can get into shape.","","","",38491
"I want to complete sets of various exercises five days a week.","I want to cook at home, instead of grabbing takeout, Monday through Friday of every week.","","","",62166
"My goal is that I want to keep eating oatmeal every single day","My goal is that I want to earn at least 50 dollars a day on MTurk","My goal is that I want to walk at least 30 minutes straight every day","","",59413
"My goal is to pay down debt.","My goal is to exercise at least three times a week.","My goal is to save more for retirement and increase savings.","","",28254
"Schedule and take a vacation","pay off credit cards","work toward promotion","","",70471
"Lose 50 pounds within the next 8 months","Pay off all debts, except car and house, within 8 months","","","",67967
"My goal is to lose 20 pounds in 3 months","My goal is to exercise 3 times per week for 3 months","My goal is to save $2000 in 3 months","My goal is to spend more quality time with my children.","",87239
"My goal is to lose 5 pounds in three months.","My goal is to shop less and only buy things I truly need every month.","My goal is to quit smoking by the end of the year.","","",80450
"My goal is to attend Wrestlemania on April 10th and 11th.","My goal is to get the COVID vaccine within the next 3 months.","My goal is meet all deadlines for work in the upcoming quarter-end.","My goal is to average 4,000 steps a day which is up from my current average of 3,000.","My goal is to do arm curls at least every 3 days to build up some muscle.",46220
"My goal is to save at least $200 each month","My goal is to get my lower back surgery finished in the next 3 months","My goal is to sell my house in the next year","My goal is to lose 10 pounds in the next 6 months","My goal is to get closer to my two grown children in the next year",98582
"my goal is to save 200 dollars monthly.","my goal is to eat more vegetable per serving everyday.","","","",47834
"My goal is to quit smoking for good in the next 2 months","My goal is to lose at least 30 lbs. in the next 6 months","My goal is to move to Texas within the next 3 months","","",12296
"My goal is to lose 10 pounds in 2 months","My goal is to walk 10,000 steps everyday.","My goal is to quit smoking in the next 3 months.","","",38246
"My goal is to buy a house in the next 3 months.","I would like my weight to go below 200 pounds within 3 months.","I would like to spend at least 30 minutes a week looking for a part time job.","My goal is to pray and read scriptures everyday.","",85133
"I want to improve my body composition by losing fat and building muscle","I want to increase my monthly income with smart investing.","","","",91955
"I intend to lose 30 lbs in the next 3 months, 10 lbs each month","I intend to walk on the treadmill 6 hours each week","","","",65521
"My goal is to buy a car.","My goal is to become a successful livestreamer.","My goal is to eat healthier.","","",69652
"My goal is to catch up on my bills in the next three months.","My goal is to quit smoking in 2021.","My goal is to walk for at least 45 minutes every day for the next two weeks.","","",93470
"Save more money towards early retirement by the time I'm 40","Save more money and buy a small but nice house out right.","Have the money put together to go on a nice family vacation and stay in a cabin in the mountains.","Keep exercising and working to loose 30 pounds.","",85353
"My goal is lose five pounds by the end of April.","My goal is to contribute $5000 to my retirement fund by the end of May.","My goal is to publish my first short story by June.","","",98405
"My goal is by the end of the year, have $3K in my savings account and $3k in my checking account.","By the end of the year I want to be earning $400/mo through my part time job. ","","","",30384
"My primary goal is to complete renovations on our new home and move into the home before winter. ","","","","",10933
"Learn new programming techniques for a new mobile game idea","Learn more advanced cooking techniques","Exercise more regularly to lose weight","","",39168
"My goal is to study hard for the MCAT and get a score above 520 within the next three months.","My goal is to gain muscle mass in body for the remainder for this year.","My goal is to loss as much fat as possible for the next month.","","",34512
"My goal is to find a higher paying, more satisfying job in my industry in the next three months.","My goal is to save over $1,000 in total over the next three months ","My goal is to stop eating candy and junk food for three months straight to improve my diet.","","",31475
"My goal is to finish painting my guest bedroom.","My goal is for my wife and I to get pregnant","My goal is to get a new car in three months","","",63745
"My goal is to take my lunch to work at least three times a week instead of eating out everyday.","My goal is to lose 20 pounds.","My goal is to finish the current semester with a 3.5 GPA or higher.","","",12475
"My goal is to be rid of my hard cast on my left foot/leg and finish physical rehab within 3 months.","My goal is to make at least $4000 between my prolific and MTurk accounts over the next 3 months. ","My goal is to eliminate milk products from my diet fully over the next three months. ","","",79732
"My goal is to lose 20 pounds in six months","My goal is to drink no more than one sugary drink/cola a day until July 1st","My goal is to save to have bought half a bitcoin by July 1st","My goal is use mindfulness once a day for 90 days, starting April 1st","",22906
"I have a goal to lose 20 pounds in the next three months.","Another goal is to move from Washington to Texas within the next three months.","I want to be debt free in the next few months.","","",53898
"My goal is to replace the privacy fence and front fence in my yard within the next three months. ","My goal is to make and save enough money for a new pair of glasses in the next month.","My goal is to help my neighbor find a new job in the next month.","","",75798
"My goal is to pay off the credit card by June 15th.","My goal is to keep my disabled wife alive and as healthy as possible.","My goal is to get the gutters fixed and add Leaf Guard to them by June 1","My goal is to get the upstairs completely decluttered by August 1.","My goal is to get the yard cleaned up by April 15. ",85424
"I want to remodel my condo.","I would like to find a boyfriend.","I would like to pay off a lot of my credit card bills.","","",78487
"I currently  weigh 225 lbs. My goal weight is 195","I currently  work 50 to 60 hours per week. My goal is to retire and work remotely  as a consultant  less hours","","","",69242
"To establish a bee hive colony in the backyard supported by flowering plants in my yard","Get more exercise by walking the dog at least 3 days a week for at least 30 minutes","Get rid of excess household possessions and donate useable goods to charity","","",58948
"Increase number of steps per day to 10,000 in 3 months","Lose 20 pounds in 3 months by getting my weight below 220","Buy $500 of silver either physical or ETF's per month","","",63241
"My goal is to replace the struts on my jeep with in the end of next month","","","","",33635
"To lose about 20 pounds ","To save up an additional 10k ","To get more organized & orderly at work and at home","","",62486
"I want to eat healthier at least once a day, every day.","I want to exercise at least twice a week, every week.","I want to standardize my sleep schedule (go to bed by 2-4 AM at the latest and get up by 12-2 PM at the latest) every day. ","","",25482
"my goal is to finish my own blog and get it launched","my goal is to save $3,000 in the next 3 months","pay off credit card debt","remodel office space","",88542
"I have a goal to have my shoulder problem healed in 3 months","My goal is to get my roof repaired in 2 years.","Another goal is to be financially independent in 5 years.","","",37472
"Jog three miles per day for five days during the week for a total of 15 miles per week.","Limit my caloric intake to 2,500 calories per day.","Walk three miles per day seven days a week for a total of 21 miles per week","","",81005
"I want to eat fruits and vegetables at least once a day.","I want to take a walk once a week.","","","",32371
"My goal is to lose 30 lbs in the next 6 months.","My goal is to walk 10,000 steps per day","My goal is to workout in the gym at least twice a week","","",87159
"My goal is to exercise every day.","My goal is to learn how to use my Cricut crafting machine in the next three months.","My goal is to eat less sugary foods.","","",23348
"Paying down my credit cards until they are done.","Eating healthy from now on.","Losing weight until I reach my goal weight.","Exercising and walking more to strengthen my lungs.","",43627
"My goal is to reach my goal weight of 170 in the next three months.","My goal is to drink three bottles of water or six cups of water every day.","My goal is to exercise every other day.","","",82737
"To move to Gulf Shores, Alabama by the beginning of Summer 2021","To lose 20 pounds before the beginning of Summer 2021","To try and pay off all of my credit cards before the beginning of Summer 2021","","",15045
"I want to spend much more time reading my Bible and praying tp God.","I have been trying to learn to play piano. ","I am striving to be a much better wife.","I want to manage my time better.","",21212
"My goal is to start doing cardio consistently at least 3 times per week.","My goal is to complete my scheduled weight training every day it's scheduled.","My goal is to tidy up my room on a weekly basis.","","",12568
"My goal is to make deans list in final semester.","My goal is to gain 15 pounds within 2 months.","My goal is to start dating and going out more.","","",61492
"I have a goal of achieving my ideal body shape over the next 3 months","I have a goal of saving 50 dollars a month over the next 3 months","","","",97247
"To get settled into a new house","To sell at least 15 cars a month","To lose 20 more pounds ","To build up a savings","To earn an extra $500 income from my regular income",92357
"My goal is to finish installing deer fencing around my property within the next 3 months.","My goal is to lower my A1C test results (diabetes) in by June.","My goal is to build my greenhouse within the next 3 months.","","",21924
"after rehab continue to strenghten my shoulders","walk more to increase back stamina","eat more leafy vegetables","get my child out of the house more","complete my garden ",95193
"My goal is to create new content for Tiktok every other day.","My goal is to create emotes, sub badges, and banners for Twitch weekly.","My goal is to stream at least once a week.","","",55333
"My goal is to lose 20 pounds in the next 90 days.","My goal is to save enough money to take my family to the beach this summer.","","","",47532
"My goal is to exercise twice a week at minimum. ","My goal is to eat fruit or vegetables daily.","My goal is to purchase a new air conditioner within the next three months.","","",85079
"To keep learing new skill on Premier Pro. I want to learn how to do better transitions.","Finish writing my third book. By June.","Find a good place for my wedding. At least 2 possible locations within a month.","Improving my music sight reading skills. Continuously during the 3 months.","Learn how to use Adobe Photoshop. The basics within 2 months.",66597
"I plan to reduce my A1C by 2 points in 3 months.","I plan to stop eating sugar as much as possible for 3 months.","I plan to save $200 per month","I plan to reduce credit card bill by $150 per month.","I plan to do therapy exercises twice a week.",67366
"To successfully get both shots of the coronavirus vaccine within the next six months.","To earn one thousand dollars a month of income doing side work on sites like Mturk.","To completely avoid eating any gluten in my diet, or at least under 20 PPM of gluten for every meal for the next six month","","",41337
"Finish and sell my van conversion in two months","lose 15 pounds in three months","Make improvements to my home and get read to rent it out in five months","buy another home in six months","find a new girlfriend within three months",47407
"My goal, over the next year, is to naturally bring down my sugar and cholesterol through diet and exercise alone.","I want to purchase a new vehicle for my family within the next couple of months.","I want to pay off all credit card debt before the Christmas season begins.","","",56787
"My goal is to get up to walking 5 miles each week in 3 months","My goal is save 500 dollars in my account in 3 months.","My goal is to increase my drinking of water from none to 64 ounces in 3 month.","My goal is to read half of the bible in 3 months.","My goal is to have my gardening spots in my yard complete in 3 months.",94107
"My goal is to lose 30 pounds in the next 3 months","My goal is to exercise 3x /week","My goal is to increase my credit score","","",31413
"Drink 64 oz water every day","Exercise 5 times a week ","Write at least 5 hours a week ","Pay off credit card ","Save money for new kitchen and living room floor ",51752
"I want to get more exercise.","I want to eat healthier.","","","",82479
"finish painting my office","finish painting the white trim on the exterior of my house","pay off $1000 of debt in 3 months","hang drywall and paint in laundry room ceiling","",12118
"My goal is to buy a house in the next 6 months.","My goal is to lose 20 pounds in the next two months.","","","",71387
"My goal is to earn at least $15 every day on MTurk.","My goal is to save at least $20 every month. ","","","",41652
"My goal is to lose 15 pounds. I think it'll take about 2 months","My goal is to take a trip outside the U.S. I think it'll take 3 months. ","My goal is to buy a new computer. I think it'll take a month. ","","",96044
"My goal is to save enough by the end of the year to pay off all of my bills","My goal is to take a vacation in the summer.","","","",95300
"Find a fence contractor and complete the fencing at rental house before end of May..","Earn an average of $20/week at Mechanical Turk.","Bring my weight down to 125 pounds by end of May.","In May, return to watercolor class and practice an additional day each week.","Read at least 3 books in April, May and June. ",81263
"To get nothing lower than an A- for spring quarter which ends in three months. ","To eat a serving of fruits and vegetables every day.","To get 60 minutes of exercise every day.","","",42084
"I want to make at least an extra $75 a week to help address loss of income due to COVID.","I want to lose 10 pounds in the next three months.","I want to have at least 30 minutes of vigorous activity at least 4 times a week.","I want to get rid of at least 5 items of unwanted items in the house (trash, recycle, or donate).","",61166
"Earn more money on the stock market","Buy more bitcoin","walk 30 minutes per day","Get a better paying job","save 10% of my earnings ",19125
"I would like to pursue a teaching job at a campus close to my home before the 2021/2022 semester.","I would like to save at least $300 more dollars in my brokerage account by then end of three months.","I would like to save for an purchase necessary backpacking and camping gear by the beginning of July 1, 2021. ","I would like to save for and take a major vacation in July, preferable to an outdoor location.  ","I would like to scan and digitalize all of my physical photographs in order to preserve them and do this by the end of summer 2021. ",35126
"My goal is to exercise at least two times each week.","My goal is to lose 15 pounds in the next three months.","My goals is to save $250 each month.","My goal is to eat more fruits and vegetables each week.","",59400
"My goal is to save $200 per month.","My goal is to run twice a week.","My goal is to write at least once a week.","My goal is to post on my bucket list Instagram at least four times a week.","My goal is to lift weights five times a week.",12116
"My goal is to make time for art and to create every day","My goal is to have an Etsy store open in three months","My goal is to meditate every day to reduce my stress","","",31288
"I would like to attempt to write a novel in a new narrative style that is new to me and differs from previous works. ","I would like to make preparations before May 15th for a possible disruption in the supply chain.  ","I would like to sort and remove all traces of toddler and baby items in my home as my children are all older now. I would also like to redecorate my home to coincide with having older children.","","",30817
"add at least $2000 to IRA account","get Covid 19 vaccine asap","finish reading the Legends of the Dragonrealm series ","","",43005
"Lose weight. I need to lose weight to feel better about myself.","Get a job. I need a job to get more money.","","","",78783
"My goal is to make a total per month of $400.00 from my part time job in the next 6 months.","My goal is to do stretching exercises on a daily basis (everyday).","My goal is to get my home organized within the next 3 months.","","",83652
"My goal is to save $1500 a month. ","My goal is to exercise every day. ","My goal is to make $1000 on MTurk per month. ","","",20570
"My goal is to quit drinking sodas everyday","My goal is lose 20 pounds in three months","My goal is to eat healthier everyday","My goal is to maintain an A average this semester","My goal is to drink more water everyday",22795
"My goal is to exercise four times a week for at least an hour.","My goal is to put at least 10,000 dollars a year into my retirement account","My goal is eat healthier this year. ","","",58501
"Quit Smoking this year","Save 100 dollars a week for emergencies","Remodel my bathroom by June 30th 2021","","",53517
"My goal is to place a new house on property that I have purchased","My goal is to stop drinking even though I rarely do.","My goal is to find a better job in a location I have just moved to.","","",74375
"My goal is to exercise at least once a week.","My goal is to start finishing up projects left undone on the house in the next month.","My goal is to see my grandchildren at least once a week.","My goal is to lose at least 5 pounds before summer.","My goal is to spend less than I do now on groceries for the month.",21447
"Get straight As in school","","","","",38260
"My goal is to receive the COVID-19 vaccine within two months","My goal is to get adjusted back into my old routine of working and having an active social life within the next six months","","","",83895
"My goal is to save $400 for the Strixhaven release of Magic: The Gathering in the next 4 weeks.","My goal is to lose 12 lbs in the next three months.","","","",22137
"My goal is to lose 17 pounds within the next three months.","My goal is to read one act of a Shakespeare play each day.","My goal is to write two pages of prose each day.","My goal is to create and maintain a shopping/meal plan over the next three months.","My goal is to be fully prepared for my friend's wedding, in which I'm the best man (so write speech, plan bachelor party) etc by the end of the next three months.",72750
"I want to move out of my apartment and into a home.","I want to finish my novel.","","","",77553
"My goal is to complete twenty sit ups in a row, unassisted.","My goal is to complete twenty squats in a row, unassisted.","My goal is to complete five minutes of intense peddling on a riding device.","My goal is to complete five minutes of intense rowing on a rowing device.","My goal is to complete 90 intense body twists on a seated device.",99523
"Pay off credit card debt in the next 2 years","Complete some home repairs in the next 6 months","Lose 10 to 20 pounds in the next 6 months","","",26763
"My goal is to build up my savings account by saving around $100 every week.","I want to achieve a goal of exercising for 30 minutes or more every day.","I want to lower my credit card debt by 50% by the end of 2021.","I want to invest in more dividend or growth stocks in my IRA before the end of 2021 to diversify more.","I want to lower my BMI by ten percent by the end of 2021.",88223
"I want to finish paying my daughter's high school tuition by April 15, 2021. ","I want to visit my mother out of state, leaving her on or about June 1st.","I want to sell off the contents of my storage unit by May 1st.","I want to buy five more ounces of silver by May 30th.","I want to paint my dining room by May 1st.",57498
"dream job","find love","take care of family","","",99305
"My goal is to increase my wealth over the next three months","My goal is to get a girlfriend within the next three months","My goal is to improve my upper body strength over the next three months","","",44853
"Finish Reading the Bible for my first time through","Start re-reading the Bible in conjunction with a study Bible","Find a new full-time job","Make $70/week on MTurk until I find a new job","Help my sister 1 day/week in her preschool (volunteer) until I find a new job",86100
"I would like to complete a special project at work. ","I would like to complete my spring session discipleship class with perfect attendance","I would like to assemble the portable piano, treadmill and put up the mini-blinds.","I would like to read one scripture every for 3 months.  ","I would like to complete my course and be ready for an exam by july.  ",93309
"My goal is to pay off an extra thousand in credit card debt within the next few months. ","My goal is to lose twenty pounds by the start of summer in June.","My goal is to have my resume up to date to start applying for promotions or other positions within the month. ","","",89230
"I want to increase my savings account to 20,000 by end of year.","I would like to get some botox and fillers before the end of year.","I would like to get my garden started by April.","","",50480
"My goal is to eat 5 vegetables each day.","My goal is to lose 1 pound a week.","My goal is to run a mile each day.","My goal is to take my dog to the park each day.","My goal is to write a journal article each day.",45511
"My goal is to save at least $280 a month for the next 3 months.","My goal is to go for a walk at least 5 times a week for the next 3 months.","My goal is to lose at least 5 pounds in the next 3 months.","","",19490
"I will eat better, exercise daily, and lose 10 pounds in three months. ","I will do something enjoyable in the community each week that I have not been able to due because of covid, such as eat out, go to beach, explore my new community.  ","I will be more outgoing and friendly and try to make at least one new friend in my new community.  ","","",14537
"My goal is to read at least ten pages in French every day.","My goal is to find a job in my field in the next three months.","My goal is to get into the habit of going for a walk every day.","My goal is to cut my soda intake in half in the next three months.","",12030
"Lose 15 pounds in four months","Reduce my spending to less than $300 every month","","","",38203
"My goal is to exercise 3 times a week on the treadmill for 30 minutes. ","My goal is to work on mturk at least 4 hours a day on weekdays. ","My goal is to help my daughter meet her IEP goals 5 days a week. ","","",66776
"My goal is to find a job within the next six months.","My goal is to exercise at least 5 days out the week.","My goal is to eat more healthier. ","","",57573
"Gain a new skill ","Boost networking abilities","Star own business","Make a career switch","Improve sales",30481
"My goal is to work on my marriage and form a better relationship with my husband in the next three months.","My goal is to work out at least 4 days a week in the next three months.","My goal is to improve my credit score in the next three months.","My goal is to start eating healthier everyday and allowing myself one or two cheat days a week.","My goal is to start thinking and feeling more positive everyday. ",58099
"My goal is to go to the gym 3 times per week.","My goal is to save at least $500 per month.","My goal is to run a 5k by the end of the summer (August 2021).","","",56953
"Start a yearly savings plan","Grow and Improve My financial knowledge","Diversify my investment Strategy","Exercise 30 mins daily","Buy a new 65inch 4k TV",24230
"My goal is to keep going to the gym four times a week.","My goal is to maintain my current weight by eating healthy meals every week.","My goal is to save money out of every paycheck to pay off my car loan.","My goal is to save money to go away on a small trip by my birthday in June.","",13286
"My goal is to workout 4-6 days per week.","My goal is to move to a new house within the next month. ","My goal is to find a new girlfriend in the next 2 months","My goal is to continue to be vegan every day. ","",32569
"I want to increase my income this year by 10 percent over last year.","I want to get back in the habit of exercising daily and lose at least 20 pounds by the end of the year.","I want to learn to speak Vietnamese.","","",18568
"I want to lose 10-15 pounds over the next 3 months.","I want to earn at least $1500 every month from traditional means of income","","","",95989
"My goal is to teach my dog to recognize numbers and quantities up to ten in three months.","My goal is to harvest tomatoes from my own vegetable garden in four months.","My goal is to lose 12 pounds in three months.","My goal is to make at least $400 every month on MTurk.","",24355
"To finish saving money to get my roof repaired next month before the rainey season starts here in FL.","My goal is to go to the dentist to get the rest of my dental implants before summer.","Clean and organize and paint my barn before the end of summer. I will also taken any items I don't need to the charity store.","","",80232
"Complete 3 rounds of boxing within VR device (Oculus) at least 4 times a week.","Have raw vegetables (carrots, celery, broccoli, etc.) with my lunch sandwich at least 3 times a week.","Complete art project involving framing of old National Geographic magazines by end of May.","Have lunch with my cousin at least once a month for the rest of the year.","Save $5000 in my children's 529 Plans by the end of the year.",91493
"Exercise for 60 minutes a day 5 times a week","Spend 1 hour a day completely unplugged with my kids","Earn an extra $500 every month to pay towards savings","","",84210
"I would like to become proficient in Python","I would like to keep my job remote","I would like to move to Washington","I would like to travel to Pakistan in the summer","I would like to make my mother happy",37406
"My goal is to lose a minimum of 15 pounds by June 30, 2021 by counting calories and exercising.","My goal is to complete a minimum of 200 surveys each week on Amazon Mechanical Turk for each of the next 12 consecutive weeks.","My goal is to earn a minimum of $100 per week on Amazon Mechanical Turk for each of the next 12 consecutive weeks.","My goal is to reduce my alcohol intake from daily to no more than   one day per week for the next 12 consecutive weeks.                                                                                    ne next 12 consecutive weeks","",83050
"my goal over the next three months and beyond is to exercise every other day to help build energy and muscle. this goal will be ongoing for the rest of my life.","my goal is to finish school and find a new job, this is going to take a little over a year from now.","my goal is to not spend any money for unnecessary things, and save up for important moments. this will also be a life long thing.","","",81107
"I intend to exercise at least four days every week.","I plan on saving more for retirement by putting at least 7% of my bi-weekly paycheck away.","In the next three months, I plan on improving my home. This includes painting outside, installing a new sump pump and resealing my driveway.","I want to spend more time with my family by committing to spend an hour with them each day.","For my last goal, I want to read more. I will accomplish this by setting 20 minutes aside each day before I go to bed.",24832
"My goal is to exercise moderately at least six days each week.","My goal is to maintain a healthy eating pattern every day.","My goal is to plant a garden this spring and work in it every day to harvest food in the fall.","My goal is to choose something to straighten or reorganize every day.","",46980
"get in better shape overall","practice my musical instruments at least 1 hour daily","organize a musical recording/video for Fall 2021","work on my poetry every day","find more online contract income",36570
"My goal is to get my legs and knees stronger so that I can go hiking in Utah in four months. ","My goal is to replace the fence posts that are rotten in the next three months. ","My goal is to start investing money for retirement in within six months. ","","",33441
"My goal is to treat my best friend better. This will be ongoing. Specifically our main communication is via email. I tend to be judgmental of her and her decisions. Her emails are also riddled with typos and I point those out when I should just overlook them.","My goal is to worry less. I worry over almost everything. I want to try to refrain from worrying over what I cannot change. I want to let what is going to happen anyway just happen and tehn take action rather than worry so much ahead of time.","","","",20317
"I want to continue to lose  weight, I have lost some over the last several months but want and need to lose more. Hoping to lose more weight in the next few months.","Eat more healthy as much as my budget by eating more fruits and vegetables daily and get my blood sugars under control again. Hoping to make this a daily practice in the next 2 months.","Learning to be patient with myself and with dealing with daily problems of life, need to reduce stress.","","",41540
"My first goal is to quit smoking completely starting immediately.","My second goal is to paint my kitchen cabinets within the next three months.","My third goal is to exercise more by walking daily every day in the next 3 months.","","",75013
"My single greatest goal that I am focusing on right now is to continue improving my finances over the next three months.","","","","",31309
"My Goal is Gaining the Knowledge for daily.","My Goal is Decrease the Angry.","My Goal is Improving the Friends.","My Goal is achieve the higher Position.","My Goal  is improve the peaceful life for everytime.",33742
"My goal is to quit smoking forever.","My goal is to lose weight and build strength over the next year.","My goal is to be able to roller skate again within the next three months.","My goal is to save enough money for Christmas over the next nine months.","My goal is to make sure my husband gets the care he needs for his disability for the rest of his life.",38868
"I have a goal to get back into a little bit better shape again and shed roughly 7lbs.","I want to get back into reading regularly (at least 5 days a week).","I want to start writing again about once a week just to explore my creativity.","","",86064
"My goal is to get to my target weight of 165 pounds within the next month.","My goal is to finish constructing my sound booth for my voice overs within the next month.","My goal is to get to the point where I am earning over three thousand dollars each month within the next three months.","My goal is to begin selling my t-shirt designs online as a passive income.","My goal is to exercise at least five days a week in the rest of 2021.",21317
"My goal is to live a healthier lifestyle by exercising more and eating better.","My goal is to start learning Italian","My goal is to save 150.00 every month for emergencies","","",76210
"Closely monitor and see to it that my youngest sister successfully completes her rehabilitation program for heroin addiction","Provide mentoring and tutoring to my sister's children to help them achieve better grades in the final trimester of school","Ensure that my own children are properly mentored and tutored so they maintain their grades and mood as their cousins move in with us","Reestablish my strength levels on the so-called ""Big 3"" lifts: deadlifts, squats, and bench press","Improve my cardiovascular fitness by running a 6 minute mile",27990
"I would like to lose 15 pounds over the next 3 months.","I would like to increase my run distance from 8 miles to 12 miles over the next 6 weeks.","I would like to decrease my credit card debt by $1000 over the next 2 months","I would like to add $1500 to my savings account.","",79586
"My goal is to cut out sugar from my diet.","My goal is to get to 25k net worth.","My goal is to get to the doctor.","","",28920
"I would like to start saving more for my retirement and I have started putting extra money every week in my savings account.","I am striving for a promotion at work. I think that I will succeed in this within the next year.","","","",98305
"My goal is to buy a house within the next three years. ","My goal is to save money for my future every day. ","My goal is to get fit within this summer. ","","",24238
"Stand up straighter.","Improve oral health.","Lose weight.","Pay off debts.","Be more active.",29845
"I wan to lose 20 pounds in 2021.","I want to earn at least $700 each month on MTurk from April through June.","I want to collect and dispose of a bag of trash from my basement every week through June.","","",45035
"My goal is to continue exercising for 2 hours every single day of the week.","My goal is to increase my income at my work as a manager by 10% within this year.","My goal is to continue taking my children hiking in the mountains once every single month.","","",14917
"advancing my career and increasing earnings","improving physical health","planning for potential move within next few months","fostering relationship with girlfriend","",35405
"I would like to lose weight and become physically fit over the next three months. ","I would like to research on how to invest money and then actually invest money in the next three months. ","I would like to save at least two hundred dollars in the next month.","I would like to clean out my garage over the next month. ","",13203
"is two make a $100 to $200 i n the stock market in the next 3 mo.","my goal will beto get a xbox series s in the next  3 mo.","my goal is to be in beeter health in the next 3 mo.","","",16952
"Lose weight","Pay off this house","","","",56219
"My goal is to loose weight, the ultimate goal is at  least 60 lbs.","My goal is to exercise at least 4x a week.","My goal is to be more tolerant and loving towards my husband.","My goal is to eat healthier over these next few months, to include more fruits and veggies.","My goal is to earn at least $70 weekly with MTurk each and every week.",86136
"My goal is to lose 15 pounds in the next three months.","My goal is to limit my sugar consumption","My goal is to become more organized","My goal is to reduce my meat consumption","My goal is to improve my grooming habits",14807
"My goal is to complete my crocheted wall hanging in 3 months.","My goal is to practice the keyboard everyday.","","","",47788
"I want to regularly save at least 400 dollars every month for 2021.. I ","My goal is to paint the fascia on my home by May.","I have a goal of practicing my guitar 3 times a week by the end of April.","I am trying to make a consistant habit of reading my Bible every morning within the next 2 months.","",67237
"My goal is to paint the outside of my house, within six months.  I paint a side a year, and I have two sides left.","My goal is to lose 20 lbs within four months, by working out 5 days a week, for at least 30 minutes a day.","My goal is to change careers and start my own business, within the next 1 year.","","",42012
"My goal is to clear office backlog of cases in the next three months","My next goal is to go through every room in my and prepare items        to go to Goodwill","","","",64442
"My goal is to have my house ready to put on the market by May 1","My goal is to complete the second level of Rosetta Stone Spanish by June 30","My goal is to walk for 90 minutes a day 5 days a week","My goal is to eat an average of 1,400 calories a day each week","My goal is to find an apartment in the Clearwater area by April 30",15085
"My goal is to get every room of the house clean and organized by the end of summer.","My goal is to lose at least eight pounds each month until I am at my goal weight.","My goal is to pay a large amount on a credit card debt each month, and keep doing that until each credit card is payed off.","","",55391
"My goal is to do ten pullups in a row in three months.","My goal is to save $3000 in three months.","My goal is to drink alcohol no more than twice per week.","","",71788
"My goal is to invest $100 in each cryptocurrency on the market within the next 9 months.","My goal is to workout and have a more fit body by summer.","My goal is to maintain my healthy breakfast diet for the remaining 9 months.","My goal in 6 months is to build a stronger immune system.","My goal is 6 months is to travel to more countries.",16625
"My goal is to graduate with my masters degree in May.","My goal is to lose weight.","My goal is to exercise at least 4 times a week.","","",41827
"TI want to be able exercise for 3-5 times a week","I want to be able to completely clean my closet","I need to be able to save some money","I hope to Eat a vegetable or two everyday","I would love to finally finish a show",79249
"Pay down Debt- personally pay $100+ of Mturk revenue per month to debt, ongoing.","Build a social media presence for my print on demand business, stalled at 233 followers would like 300 by 3 months ","Have 300 designs available and uploaded for my print on demand business- currently 194 should have an additional 50 in 3 months, to hit my goal by the end of the year.","Loose 30 lbs, I would like to be down 10lbs in three months and hit my goal by the end of the year.","Average $7 a day on Mturk, ongoing",59650
"lose 30 pounds","record food and exercise every day in my fitness pal","every day weigh my food instead of estimating","make a food plan for the week when I go back to work","declutter and organize the house every week",65127
"Take a walk every day.","Get more iron in my diet by eating at least a pound of spinach every week.","Teach myself how to finish quilts, not just quilt tops, so I can give my dad a quilt for his birthday in two months.","Practice French daily.","Make noticeable progress on a needlepoint project every week.",60791
"My goal is to exercise at least once per week.","","","","",67148
"My most important goal is to spead The Good News (God's Word) in order to bring people to Jesus Christ for salvation. To make this goal happen, I need to become a better example of a Christian; a better representative of Christ. ","","","","",94669
"I want to stop smoking in the next couple of weeks.","I want to lose weight over the course of the next year","I want to declutter my house within the next three months.","I want to start paying off my bills over the course of the next year","My goal is to start putting $50 a week into the savings account starting this Friday.",30736
"I have a goal of bench pressing 405 pounds.  I would like to continue progressing towards that goal.  My current maximum is 315 pounds.","I plan to apply to the United States Air Force.  I would like to study more for the entrance exam.","I want to finish the landscaping at my mother's house.  I would like to complete the fencing and plant more greenery.","I would like to read at least one book every month.","I would like to get back into the workforce.  I have been out of work for a year, due to the pandemic.  I am actively seeking a position.",35773
"My goal is not eat any bread for the next two months, in order to lose ten pounds","My goal is to perfect my charcoal soap formula before the end of April 2021","My goal is make $500 on Amazon Turk by the end of May 2021","","",97837
"My goal is to save money for my upcoming vacation","my goal is to find a new apartment","my goal is to get my son his dream car on his 18th birthday","my goal is to pay off my mortgage ","",91379
"My goal is to lose 20 lbs","My goal is to find a new job.","","","",44546
"Exercise at least 4 times a week.","Eat healthier meals.","Make at least $100 average weekly.","Work more in the garden.","Save at least $500 per month.",50800
"I am working to save at least 200 dollars a month.","My goal is to continue improving my physical fitness and activity level.","I am working toward earning additional graduate level credits to reach the next pay level at work.","","",45781
"My goal is to go for a run at least three times a week.","My goal is to lose weight over the next three months.","","","",27116
"My goal is to lose 10 pounds in the next 3 months","My goal is to make a vegetable garden for the first time in the next 3 months","My goal is to eat fish at least twice a week.","","",87849
"I want to pass the semester with good grades.","I want to gain some weight over the next few months, but preserve my abs.","I want to enjoy the upcoming summer as much as possible. ","","",71727
"My goal is to increase my credit score to 775 by July 1st.","My goal is to meet with my friends in person at least once a month for the rest of 2021.","My goal is to meet my desired weight of 126lbs by July 15.","My goal is to save $3,500 by July 1st, so I can move into my first apartment.","My goal is to pay off my loan of $1,982 by the end of the year.",52100
"My first goal is to get a promotion at work by the next promo cycle","My second goal is to save $20,000 dollars in the next three months","My final goal is to plan out where I am going to be living upon moving during the summer","","",99482
"Eat at least 5 servings of fruits/vegetables 6 days a week.","Walk at least 20 minutes a day, at least 5 times a week.","Provide a father figure to my grandsons who are 9 and 12 years old and are living with us. At least five days a week, provide tips to them to help them succeed in life.provide","Continue learning German on Duolingo. Earn at least 20 units every day,","Continue making money on Mechanical Turk. Goal is to earn $200 a month.",95134
"My goal is to get at least 7 hours of sleep every day","My goal is to exercise at least 3 times a week","My goal is to repair the damage to my car within the next 3 months","My goal is to repair and refinish the deck in the next 3 months","My goal is to take steps to destress my life",38462
"Pursuit of purchasing the home I'm renting currently.","Making more money on mturk weekly.","Work on my relationship with my lady.","","",63915
"To start my garden","To buy a new car","To stay healthy","","",93067
"Lose 15 pounds by Labor Day (9/6/2021)","Write 5000 words/week on blog or book each week in 2021","Save $400/month for the rest of 2021","","",86564
"My goal is to get back to lifting weights four days a week. ","My goal is to learn to be more patient with my two year every day.","My goal is to finish building my new deck in three months. ","","",68781
"My goal is to find a better paying job within approximately 3 months.","My goal is to reduce tobacco consumption to 10 cigarettes per day maximum within 3 months.","My goal is to be better to my body by excercising at least 3 times a week and being more consistent in improving my diet (by reducing saturated fat, processed foods, etc.) within 3 months.","My goal is to find a small block of time every day of at least 10 minutes for mindfulness, relaxation, and meditation, and to make it a daily routine within 3 months.","My goal is to complete an online course teaching Python within 3 months.",56248
"My goal is to exercise five days a week.","My goal is to limit snacking to two days a week.","","","",80182
"My goal is to start stretching everyday starting April 1st.","My goal is to find a new job within the next six months.","My goal is to pay off my car loan in three months.","My goal is to go hiking once a week during spring. ","My goal is to eat less bread and more vegetables every day. ",98715
"My goal is to save money and relocate to live with my long-distance girlfriend in 2 years.","My goal is to resolve major debts within 1 year.","My goal is save money and to fully retire within 3 years.","My goal is exercise for 50 mins/day, 6 days/week, ongoing.","My goal is to lose 25 lbs over the next 4 months, ongoing.",41061
"TO LOWER MY DIABETES A1c down to a 6  from a  7.","TO SAVE 100.00 A WEEK  TOWARD A SUMMER VACATION FOR FAMILY","","","",31649
"Reduce my high blood pressure so that I can be healthier and not experience any more physical symptoms.","Become proficient at conversational Italian.","Lose a decent amount of weight.","Help my tutee to be able to understand and become proficient in reading and math.","",89623
"My goal is to acquire my professional certification in three months.","My goal is to eat vegetables every day.","My goal is to work on home repairs and improvements every week.","My goal is to save at least $250 every month.","My goal is to learn morse code for my amateur radio hobby.",10551
"My goal is to work on my art/designs for at least 30 minutes, several times a week.","My goal is to consistently get to bed and wake up earlier every day.","My goal is to do some housecleaning for at least 30 minutes every one or two days.","","",94247
"I plan to workout at least once a week","I plan to lose 10 pounds in three months","I plan to increase my stock portfolio by 15% in three months","","",53009
"I am working on completing an Affiliate Marketing Website/","I want to work toward earning at least $500 a month with Mturk.","I am working toward loosing 120 pounds in one year.","I want to work toward finding the cause and curing a balance disorder I have.","",97443
"I'm working on losing at least 20 pounds ","I'm going to work out at least 4-5 days a week. ","I'm plan to build my credit","I'm going to journal daily","I'm going to find a remote job",80704
"I plan to clear my discover student credit card debt","I want to be 135 pounds by the end of the year","I'm hoping to graduate from Undergrad in the fall of this year. ","I want to save $6000 to buy my first car by the end of the year","I will start filming for my art submission that's due by August",77616
"i am going to buy a new bed","i and going to buy a dresser","i am going to pay off my credit card","i am going to finish my painting","i am going to finish my nail set",27084
"My goal is to begin meditating for at least 15 minutes every day.","My goal is to intermittently fast to lose weight every other day.","My goal is to pay off my credit card debt by the end of the year.","","",35597
"I want to save $150 each month.","","","","",92931
"Bike around more often","Drink less alcohol","","","",11469
"My goal is to loose around 25lbs by the end of this year.","My goal is to start exercising twice a week for the next 6 months.","My goal is to save at least $2000 by December this year.","","",48293
"In 3 months I hope to lose enough weight to fit in my old clothing.","Every week I want to save money and grow my bank account.","Every day I was to exercise more.","In 1 month I want to improve my sleep hygiene.","I want to read 1 book per month.",85430
"I'd like to make progress towards paying off back child support","I'd like to make progress towards finding a new job not doing gig work","I'd like to make progress towards losing a little bit of weight so I can have a toned figure.","","",76253
"My goal is to reduce how much I gamble.","My goal is to be more diligent during my training for my new job over the next 5 days.","My goal is to plan two outings with friends for the next two months.","My goal is to exercise more consistently.","My goal is to be more active in helping my parents with their financial matters.",58008
"My goal is to lose 15 lbs of fat in 2 months.","Spend closer time with daughter to develop deeper relationship.","I want to landscape around house with rocks and retaining wall.","","",86807
"My goal is to go to bed by 11:15 PM every night and wake up by 6:30 AM every morning every weekday.","My goal is to go to get at least 1 hour of moderate to intense exercise every day.","My goal is to read at least three books in the next 3 months.","","",30222
"My goal is to lose 15 pounds in the next 3 months","My goal is to work out on the Max Trainer for 15 minutes at least 5 times a week. ","My goal is to complete the AKC Trick Dog Title in the next 3 months","My goal is to gain 5 lbs of muscle in the next 3 months","My goal is to not Turk at work more often than once a week. ",32709
"stop smoking","eat healthy","loose weight","dentist","fix car",10517
"Pay off our Storage Locker by the beginning of April.","Take my 2 dogs in to the vet for check-ups, shots and medication by May.","Start testing for additional home jobs in transcription by the end of June","Possibly get a 2nd job this summer working at the Water Park for 5 months starting in May, if not do active survey tasks and transcription for extra income by May-June.","Pay off additional medical bills and start putting money away for a small house for purchase within 18 months to 2 years.",32956
"My goal is to become a certified civil engineer","My goal is to achieve 20 pounds weightloss","My goal is to become the senior supervisor in my place of work","My goal is to save half of my income for 3 months","My goal is to exercise thrice a week",98095
"In the next three months I would like to lose 10 pounds.","My goal is to drink at least one 16oz bottle of water a day.","My goal is to pay off our back utility bills by June.","In the next three months, I would like to reduce my debt by $1,000.","",94931
"My goal is to get accepted into at least one pharmacy school.","My goal is to get an A on my anatomy midterm.","My goal is to exercise four times a week. ","","",37543
"My goal is to buy a car within 3 months.","My goal is to pay down as much credit card debt as I can within 3 months.","","","",41510
"stop smoking","be more patient","","","",26309
"Exercise (walk) 30 minutes per day 3 or 4 days a week.","Reconnect with people I've fallen out of touch with during COVID lockdowns - calll or text one friend and one family member each week.","Put $25/week into a savings subaccount for Christmas. ","Cut back on drinking soda/carbonated drinks.","",60186
"complete studies for Series 7 financial licensing ","lose 20 pounds after long quarantine ","work on long term plan to retire early","purge junk and reorganize garage","",63105
"My goal is to increase more time in doing my online jobs so as to increase my income. ","To finish our family project of establishing a home in the village.","To find time and advance in my masters degree over the holiday and evening classes. ","To be committed to my family in time and attention. ","To eat health and to be health conscious. ",12330
"My goal is to cook meals at home at least five days a week.","My goal is to include fruit or vegetables with every lunch and dinner every day, including when eating out or getting takeout.","My goal is to go down one clothing size in two months.","My goal is to continue exercising at least four times a week.","",55353
"To stop wasting time, be more efficient, and work harder every day.","To be healthier by working out every day.","To learn Japanese at least most days a week.","","",39467
"Get promoted in my job","","","","",46873
"my goal is to lose 10 pounds","my goal is to workout for 8 hours a week","my goal is to eat less fatty foods","my goal is to get at least 8 hours of sleep a night","my goal is to drink 4 bottles of water each day",92099
"Pay off the mortgage by the end of the year","Work on project management course and pass the exam to obtain Project Management certificate by end of June","Start running 5 days a week as soon as weather permits","Start looking and applying for jobs, with a goal of changing jobs within the next six months","Start learning Chinese, and work on it three times a week, every week.",45941
"My goal is to reduce the amount of caffeine I consume every week.","My goal is to get at least 3 hours of exercise every week.","My goal is read a book once a month.","","",92765
"Pay off credit cards","learn spanish","begin exercise routine","","",32118
"To stop procrastinating and get re-inspired again, get motivated! When I plan on doing something I will do it right away and not wait to get moving. To work on this habit daily, it's mindset. I want to get my momentum going again, this is my first important goal. To flip this energy into something more positive and productive, because procrastinating is such a bad habit and just promotes laziness.","To eat spinach daily, eat more vegetables. Eat healthier and cancel out sweets and junk.","To read more and write more, keep working on my novel. Acquire more wisdom along the way. Learn (something new) everyday.","To clean my place, get it completely organized, including my desk area. Rearrange and throw out things I don't need anymore. Beautify my home. Do extreme spring cleaning. I want to do some remodeling and give it a paint job.","To exercise more, get back on track with my fitness. I fell off my schedule during this pandemic. Up until a year ago I was really great with working out and exercising every day or every other day. I was committed. Time to do that again, and get moving!",56917
"My goal is to finish editing my second book, so that I can send it to the editor.","My goal is to lose 1 pound per week by walking more.","My goal is to finish organizing our storage area in the basement.","My goal is to teach my dog three new commands.","",62812
"My goal is to work out everyday and get into better shape and better health","My goal is to finally complete my bachelors degree in Criminal Justice.","","","",82650
"To earn at least $200 monthly in mturk online work and surpass previous amount earned by at least $1","To minimize desserts to just 1 per day such as: 1 cookie, 1 chocolate bar, 1 cupcake or 1 slice of cake per day.","To exercise at least 3 to 4 times a week ","","",43268
"I will use the treadmill at the fitness center for half an hour every day and increase my average speed to at least 3.5 MPH by May","I will introduce a dumbbell regimen to my evenings for at least a half hour every other day.","I will average at least $75 per week on the Amazon Mechanical Turk platform in order to cover my car payment.","I will work on getting myself into a better daily sleep schedule, including weekends and days I don't work.","I will continue to not consume alcohol for the remainder of the year.",33322
"Walk six blocks in next three months increasing distance everyday. . I just had a triple by-pass surgery and can not walk more than 35 feet at this time.","Plant a garden and have fresh vegitables to eat in three months.","Setup and stock freshwater aquarium in living room with live plants and fish within tree months.","I intend to lose weight during the next three months. I currently weigh 291#.","",24350
"My goal is to lift weights for sixty minutes five days a week.","My goal is to track my food and macro nutrients each day of the week.","","","",46136
"My goal is to start exercising at least three times a week.","My goal is to actively meditate every other day.","My goal is to save 30 dollars every week into my savings account.","My goal is to work at being self sufficient each day and strengthen my mind through internal reflection and journal writing.","",69629
"I want to read for pleasure at leat 15 minutes 3 days a week.","I want to regain my strength after having surgery and be able to walk a mile by the end of the summer","Try to do at least one educational activity with my toddler daughter 5 days a week. ","Stop spending so much money impulsively so I can save more money.","Spend more quality time with my husband thatt doesn't involve discussing our children.",26480
"I want to lose weight and feel more fit.","I want to improve my credit score.","I want to save more money for retirement.","I want to focus more on my job and be more organized to accomplish more.","",38119
"My goal is to build out my garage attic for storage in two months.","My goal is to run a 5k in under 23 minutes in three months.","My goal is to build a new computer desk in three months.","My goal is to deliver my software project completed in two weeks.","",89090
